{
    "0": [
        0,
        -2.700471140752494,
        1.2188583167565628
    ],
    "1": [
        1,
        -2.054162857338657,
        0.5951620162929581
    ],
    "2": [
        2,
        -1.5534429510727776,
        0.10748567856184375
    ],
    "3": [
        3,
        -0.9586378120379034,
        0.22262870127206733
    ],
    "4": [
        4,
        0.07763761681535655,
        0.3336812747636084
    ],
    "5": [
        5,
        1.0901176973040472,
        0.1936360636956421
    ],
    "6": [
        6,
        1.538906053698516,
        0.3511899333376314
    ],
    "7": [
        7,
        1.8888911582836307,
        1.1968477834425861
    ]
}