{"0": [0, -3.2944994345315197, 0.2649911070163933], "1": [1, -2.1275394058169104, 0.15324420881435452], "2": [2, -1.4699448977789489, 0.04957119351455436], "3": [3, -0.8573326987510849, 0.2384034446892205], "4": [4, 0.24808183626483787, 0.2077994166796905], "5": [5, 1.0414970531260614, 0.14542831461845693], "6": [6, 1.6135661510665196, 0.037571179057167496], "7": [7, 2.192598292960349, 0.13505430618990344]}